population,n_responders,n_nonresponders,u_stat,p_value,q_value_bh,significant_q<0.05
cd4_t_cell,993,975,515276.0,0.013344218813937624,0.06672109406968812,False
b_cell,993,975,459971.0,0.055702309738266245,0.1392557743456656,False
nk_cell,993,975,464546.0,0.1210507982042857,0.20175133034047618,False
monocyte,993,975,466510.0,0.16315013268752876,0.20393766585941095,False
cd8_t_cell,993,975,478176.0,0.6390858847346418,0.6390858847346418,False
